[
  {
    "category":"MDM\/PROFILE",
    "old_hits":0,
    "new_hits":0,
    "delta":0
  },
  {
    "category":"VULN\/CHIP\/FW",
    "old_hits":0,
    "new_hits":0,
    "delta":0
  },
  {
    "category":"COMM\/ENERGY",
    "old_hits":1,
    "new_hits":0,
    "delta":-1
  },
  {
    "category":"EXCLUDE",
    "old_hits":1,
    "new_hits":0,
    "delta":-1
  },
  {
    "category":"JOURNAL\/SHORTCUT\/CALENDAR",
    "old_hits":2,
    "new_hits":0,
    "delta":-2
  },
  {
    "category":"EXT\/UI JACK",
    "old_hits":9,
    "new_hits":0,
    "delta":-9
  },
  {
    "category":"APPS\/VOIP\/FIN\/SNS",
    "old_hits":15,
    "new_hits":0,
    "delta":-15
  },
  {
    "category":"LOG\/SYSTEM",
    "old_hits":29,
    "new_hits":0,
    "delta":-29
  },
  {
    "category":"VENDORS",
    "old_hits":46,
    "new_hits":0,
    "delta":-46
  },
  {
    "category":"FLAME",
    "old_hits":58,
    "new_hits":0,
    "delta":-58
  },
  {
    "category":"BUG_TYPES",
    "old_hits":108,
    "new_hits":0,
    "delta":-108
  }
]