[
  {
    "file":"\/mnt\/data\/part1.zip",
    "size":10891245,
    "sha256":"a113cc44791507bae6239b11620e4823910aa65ca97f32b8146153e77de1e848",
    "acquired_at(UTC+7)":"2025-09-14 11:17:10+0700"
  },
  {
    "file":"\/mnt\/data\/part2.zip",
    "size":17777630,
    "sha256":"4af628c7009741c8cae8b37cddddf8dfe3d9faf1ce97ef602cac9fd3a08fd1c8",
    "acquired_at(UTC+7)":"2025-09-14 11:17:10+0700"
  },
  {
    "file":"\/mnt\/data\/part3.zip",
    "size":9702200,
    "sha256":"ffd61860a2a470f4719fa29ff697d406efce3acd87e2054e1d64347a381a28b8",
    "acquired_at(UTC+7)":"2025-09-14 11:17:10+0700"
  }
]